{
    "cei": {
        "mean_raw": [
            -7.454241355684026,
            -7.454241355684026,
            -7.454241355684026,
            -7.454241355684026,
            -6.875764759233983,
            -6.875764759233983,
            -6.875764759233983,
            -6.875764759233983,
            -6.875764759233983,
            -6.875764759233983,
            -6.875764759233983,
            -6.875764759233983,
            -6.001275988871079,
            -6.001275988871079,
            -6.001275988871079,
            -6.001275988871079,
            -6.001275988871079,
            -6.001275988871079,
            -5.8709949498417835,
            -5.8709949498417835,
            -5.661030230242297,
            -5.661030230242297,
            -5.4092575745397795,
            -5.4092575745397795,
            -5.035520170893577,
            -5.035520170893577,
            -5.035520170893577,
            -5.035520170893577,
            -4.6052503668547295,
            -4.6052503668547295,
            -4.6052503668547295,
            -4.6052503668547295,
            -4.6052503668547295,
            -4.6052503668547295,
            -4.6052503668547295,
            -4.6052503668547295,
            -3.3829775490841603,
            -3.3829775490841603,
            -3.3829775490841603,
            -3.3829775490841603
        ],
        "std_raw": [
            0.0,
            0.0,
            0.0,
            0.0,
            0.0,
            0.0,
            0.0,
            0.0,
            0.0,
            0.0,
            0.0,
            0.0,
            0.0,
            0.0,
            0.0,
            0.0,
            0.0,
            0.0,
            0.0,
            0.0,
            0.0,
            0.0,
            0.0,
            0.0,
            0.0,
            0.0,
            0.0,
            0.0,
            0.0,
            0.0,
            0.0,
            0.0,
            0.0,
            0.0,
            0.0,
            0.0,
            0.0,
            0.0,
            0.0,
            0.0
        ],
        "mean_regret": [
            7.454250753566132,
            7.454250753566132,
            7.454250753566132,
            7.454250753566132,
            6.875774157116089,
            6.875774157116089,
            6.875774157116089,
            6.875774157116089,
            6.875774157116089,
            6.875774157116089,
            6.875774157116089,
            6.875774157116089,
            6.001285386753185,
            6.001285386753185,
            6.001285386753185,
            6.001285386753185,
            6.001285386753185,
            6.001285386753185,
            5.87100434772389,
            5.87100434772389,
            5.661039628124403,
            5.661039628124403,
            5.409266972421886,
            5.409266972421886,
            5.035529568775683,
            5.035529568775683,
            5.035529568775683,
            5.035529568775683,
            4.605259764736836,
            4.605259764736836,
            4.605259764736836,
            4.605259764736836,
            4.605259764736836,
            4.605259764736836,
            4.605259764736836,
            4.605259764736836,
            3.382986946966267,
            3.382986946966267,
            3.382986946966267,
            3.382986946966267
        ],
        "std_regret": [
            0.0,
            0.0,
            0.0,
            0.0,
            0.0,
            0.0,
            0.0,
            0.0,
            0.0,
            0.0,
            0.0,
            0.0,
            0.0,
            0.0,
            0.0,
            0.0,
            0.0,
            0.0,
            0.0,
            0.0,
            0.0,
            0.0,
            0.0,
            0.0,
            0.0,
            0.0,
            0.0,
            0.0,
            0.0,
            0.0,
            0.0,
            0.0,
            0.0,
            0.0,
            0.0,
            0.0,
            0.0,
            0.0,
            0.0,
            0.0
        ],
        "pos_std_regret": [
            0.0,
            0.0,
            0.0,
            0.0,
            0.0,
            0.0,
            0.0,
            0.0,
            0.0,
            0.0,
            0.0,
            0.0,
            0.0,
            0.0,
            0.0,
            0.0,
            0.0,
            0.0,
            0.0,
            0.0,
            0.0,
            0.0,
            0.0,
            0.0,
            0.0,
            0.0,
            0.0,
            0.0,
            0.0,
            0.0,
            0.0,
            0.0,
            0.0,
            0.0,
            0.0,
            0.0,
            0.0,
            0.0,
            0.0,
            0.0
        ],
        "neg_std_regret": [
            0.0,
            0.0,
            0.0,
            0.0,
            0.0,
            0.0,
            0.0,
            0.0,
            0.0,
            0.0,
            0.0,
            0.0,
            0.0,
            0.0,
            0.0,
            0.0,
            0.0,
            0.0,
            0.0,
            0.0,
            0.0,
            0.0,
            0.0,
            0.0,
            0.0,
            0.0,
            0.0,
            0.0,
            0.0,
            0.0,
            0.0,
            0.0,
            0.0,
            0.0,
            0.0,
            0.0,
            0.0,
            0.0,
            0.0,
            0.0
        ],
        "params": {}
    },
    "scei": {
        "mean_raw": [
            -7.454241355684026,
            -7.454241355684026,
            -7.454241355684026,
            -7.454241355684026,
            -6.496146433345345,
            -6.496146433345345,
            -5.44820789278414,
            -5.44820789278414,
            -3.758086076304505,
            -3.758086076304505,
            -3.758086076304505,
            -3.758086076304505,
            -3.758086076304505,
            -3.758086076304505,
            -3.4482764310786327,
            -3.4482764310786327,
            -3.4482764310786327,
            -3.4482764310786327,
            -3.432617308804812,
            -3.432617308804812,
            -3.0361989362956696,
            -3.0361989362956696,
            -3.0361989362956696,
            -3.0361989362956696,
            -3.0361989362956696,
            -3.0361989362956696,
            -3.0361989362956696,
            -3.0361989362956696,
            -3.0361989362956696,
            -3.0361989362956696,
            -3.0361989362956696,
            -3.0361989362956696,
            -3.0361989362956696,
            -3.0361989362956696,
            -3.0361989362956696,
            -3.0361989362956696,
            -3.0361989362956696,
            -3.0361989362956696,
            -3.0361989362956696,
            -3.0361989362956696
        ],
        "std_raw": [
            0.0,
            0.0,
            0.0,
            0.0,
            0.0,
            0.0,
            0.0,
            0.0,
            0.0,
            0.0,
            0.0,
            0.0,
            0.0,
            0.0,
            0.0,
            0.0,
            0.0,
            0.0,
            0.0,
            0.0,
            0.0,
            0.0,
            0.0,
            0.0,
            0.0,
            0.0,
            0.0,
            0.0,
            0.0,
            0.0,
            0.0,
            0.0,
            0.0,
            0.0,
            0.0,
            0.0,
            0.0,
            0.0,
            0.0,
            0.0
        ],