{
    "cei": {
        "mean_raw": [
            3.796009356702938,
            3.796009356702938,
            3.8386977842430183,
            3.8386977842430183,
            3.8386977842430183,
            3.8386977842430183,
            3.8386977842430183,
            3.8386977842430183,
            3.8386977842430183,
            3.8386977842430183,
            3.8484968534877044,
            3.8484968534877044,
            3.8484968534877044,
            3.8484968534877044,
            3.8484968534877044,
            3.8484968534877044,
            3.8484968534877044,
            3.8484968534877044,
            3.8484968534877044,
            3.8484968534877044,
            3.8484968534877044,
            3.8484968534877044,
            3.8484968534877044,
            3.8484968534877044,
            3.8484968534877044,
            3.8484968534877044,
            3.8484968534877044,
            3.8484968534877044,
            3.8484968534877044,
            3.8484968534877044,
            3.8484968534877044,
            3.8484968534877044,
            3.851816726062215,
            3.851816726062215,
            3.852934497909387,
            3.852934497909387,
            3.852934497909387,
            3.852934497909387,
            3.852934497909387,
            3.852934497909387
        ],
        "std_raw": [
            0.0,
            0.0,
            0.0,
            0.0,
            0.0,
            0.0,
            0.0,
            0.0,
            0.0,
            0.0,
            0.0,
            0.0,
            0.0,
            0.0,
            0.0,
            0.0,
            0.0,
            0.0,
            0.0,
            0.0,
            0.0,
            0.0,
            0.0,
            0.0,
            0.0,
            0.0,
            0.0,
            0.0,
            0.0,
            0.0,
            0.0,
            0.0,
            0.0,
            0.0,
            0.0,
            0.0,
            0.0,
            0.0,
            0.0,
            0.0
        ],
        "mean_regret": [
            1e-12,
            1e-12,
            1e-12,
            1e-12,
            1e-12,
            1e-12,
            1e-12,
            1e-12,
            1e-12,
            1e-12,
            1e-12,
            1e-12,
            1e-12,
            1e-12,
            1e-12,
            1e-12,
            1e-12,
            1e-12,
            1e-12,
            1e-12,
            1e-12,
            1e-12,
            1e-12,
            1e-12,
            1e-12,
            1e-12,
            1e-12,
            1e-12,
            1e-12,
            1e-12,
            1e-12,
            1e-12,
            1e-12,
            1e-12,
            1e-12,
            1e-12,
            1e-12,
            1e-12,
            1e-12,
            1e-12
        ],
        "std_regret": [
            0.0,
            0.0,
            0.0,
            0.0,
            0.0,
            0.0,
            0.0,
            0.0,
            0.0,
            0.0,
            0.0,
            0.0,
            0.0,
            0.0,
            0.0,
            0.0,
            0.0,
            0.0,
            0.0,
            0.0,
            0.0,
            0.0,
            0.0,
            0.0,
            0.0,
            0.0,
            0.0,
            0.0,
            0.0,
            0.0,
            0.0,
            0.0,
            0.0,
            0.0,
            0.0,
            0.0,
            0.0,
            0.0,
            0.0,
            0.0
        ],
        "pos_std_regret": [
            0.0,
            0.0,
            0.0,
            0.0,
            0.0,
            0.0,
            0.0,
            0.0,
            0.0,
            0.0,
            0.0,
            0.0,
            0.0,
            0.0,
            0.0,
            0.0,
            0.0,
            0.0,
            0.0,
            0.0,
            0.0,
            0.0,
            0.0,
            0.0,
            0.0,
            0.0,
            0.0,
            0.0,
            0.0,
            0.0,
            0.0,
            0.0,
            0.0,
            0.0,
            0.0,
            0.0,
            0.0,
            0.0,
            0.0,
            0.0
        ],
        "neg_std_regret": [
            0.0,
            0.0,
            0.0,
            0.0,
            0.0,
            0.0,
            0.0,
            0.0,
            0.0,
            0.0,
            0.0,
            0.0,
            0.0,
            0.0,
            0.0,
            0.0,
            0.0,
            0.0,
            0.0,
            0.0,
            0.0,
            0.0,
            0.0,
            0.0,
            0.0,
            0.0,
            0.0,
            0.0,
            0.0,
            0.0,
            0.0,
            0.0,
            0.0,
            0.0,
            0.0,
            0.0,
            0.0,
            0.0,
            0.0,
            0.0
        ],
        "params": {}
    },
    "scei": {
        "mean_raw": [
            3.7997812614664186,
            3.7997812614664186,
            3.812314914717807,
            3.812314914717807,
            3.812314914717807,
            3.812314914717807,
            3.8513028263174536,
            3.8513028263174536,
            3.8513028263174536,
            3.8513028263174536,
            3.8513028263174536,
            3.8513028263174536,
            3.8513028263174536,
            3.8513028263174536,
            3.8513028263174536,
            3.8513028263174536,
            3.8513028263174536,
            3.8513028263174536,
            3.8513028263174536,
            3.8513028263174536,
            3.8513028263174536,
            3.8513028263174536,
            3.8585077977752094,
            3.8585077977752094,
            3.8585077977752094,
            3.8585077977752094,
            3.8585077977752094,
            3.8585077977752094,
            3.8585077977752094,
            3.8585077977752094,
            3.8585077977752094,
            3.8585077977752094,
            3.859533095369376,
            3.859533095369376,
            3.859533095369376,
            3.859533095369376,
            3.8605874499721278,
            3.8605874499721278,
            3.8605874499721278,
            3.8605874499721278
        ],
        "std_raw": [
            0.0,
            0.0,
            0.0,
            0.0,
            0.0,
            0.0,
            0.0,
            0.0,
            0.0,
            0.0,
            0.0,
            0.0,
            0.0,
            0.0,
            0.0,
            0.0,
            0.0,
            0.0,
            0.0,
            0.0,
            0.0,
            0.0,
            0.0,
            0.0,
            0.0,
            0.0,
            0.0,
            0.0,
            0.0,
            0.0,
            0.0,
            0.0,
            0.0,
            0.0,
            0.0,
            0.0,
            0.0,
            0.0,
            0.0,
            0.0
        ],
        "mean_regret": [
            1e-12,
            1e-12,
            1e-12,
            1e-12,
            1e-12,
            1e-12,
            1e-12,
            1e-12,
            1e-12,
            1e-12,
            1e-12,
            1e-12,
            1e-12,
            1e-12,
            1e-12,
            1e-12,
            1e-12,
            1e-12,
            1e-12,
            1e-12,
            1e-12,
            1e-12,
            1e-12,
            1e-12,
            1e-12,
            1e-12,
            1e-12,
            1e-12,
            1e-12,
            1e-12,
            1e-12,
            1e-12,
            1e-12,
            1e-12,
            1e-12,
            1e-12,
            1e-12,
            1e-12,
            1e-12,
            1e-12
        ],