{
    "Optimal_Min_Regret": {
        "k": 12.915496650148826,
        "alpha": 0.7000000000000001,
        "value": 31.720817258230426
    },
    "Optimal_Min_AUC": {
        "k": 35.93813663804626,
        "alpha": 0.6000000000000001,
        "value": 6747.781479034152
    },
    "Regret_Variance_Alpha_Marginalized": 142.11653379014402,
    "Regret_Variance_K_Marginalized": 625803.9011600483,
    "AUC_Variance_Alpha_Marginalized": 11274350.445401559,
    "AUC_Variance_K_Marginalized": 968491682.8472364,
    "Regret_Mean_vs_K_Conditional": {
        "0.01": 2741.1537996621564,
        "0.019306977288832496": 751.1723471770508,
        "0.07196856730011521": 248.03293532281424,
        "0.2682695795279725": 181.95260866769587,
        "0.517947467923121": 94.32805448388231,
        "1.9306977288832496": 73.11758498371061,
        "3.727593720314938": 84.90404862182794,
        "13.894954943731374": 69.85121592078195,
        "26.826957952797247": 88.82290612230197,
        "100.0": 90.71559011702679
    },
    "Regret_Variance_vs_K_Conditional": {
        "0.01": 2.0679515313825692e-25,
        "0.019306977288832496": 0.0,
        "0.07196856730011521": 3.2311742677852644e-27,
        "0.2682695795279725": 80.19224526390666,
        "0.517947467923121": 1164.533639401888,
        "1.9306977288832496": 770.8546250736629,
        "3.727593720314938": 1041.6172251024352,
        "13.894954943731374": 775.988234761433,
        "26.826957952797247": 1106.376700726248,
        "100.0": 1667.7531936227829
    },
    "Regret_Mean_vs_Alpha_Conditional": {
        "0.0": 465.86468908039967,
        "0.13333333333333333": 458.1419209476838,
        "0.2": 439.91432996260147,
        "0.3333333333333333": 440.1784716173109,
        "0.4": 432.5203961170081,
        "0.4666666666666667": 441.3621958855268,
        "0.6": 444.09085934788953,
        "0.7333333333333333": 427.93923565533123,
        "0.8": 425.9946111161509,
        "0.8666666666666667": 448.04438134934696
    },
    "Regret_Variance_vs_Alpha_Conditional": {
        "0.0": 610383.8100744387,
        "0.13333333333333333": 615162.8784417722,
        "0.2": 628071.5890397886,
        "0.3333333333333333": 627970.3779520578,
        "0.4": 633353.1643817786,
        "0.4666666666666667": 626826.3939191236,
        "0.6": 624957.122555923,
        "0.7333333333333333": 636740.8169777439,
        "0.8": 637935.4235273529,
        "0.8666666666666667": 621823.5852565584
    },
    "AUC_Mean_vs_K_Conditional": {
        "0.01": 88613.87353956184,
        "0.019306977288832496": 85482.90487578503,
        "0.07196856730011521": 80324.13635036671,
        "0.2682695795279725": 69204.587064363,
        "0.517947467923121": 27156.30446701809,
        "1.9306977288832496": 21557.7909713912,
        "3.727593720314938": 14932.137794516482,
        "13.894954943731374": 14781.336114098298,
        "26.826957952797247": 15518.7716715008,
        "100.0": 17081.262434974
    },
    "AUC_Variance_vs_K_Conditional": {
        "0.01": 2.117582368135751e-22,
        "0.019306977288832496": 2.117582368135751e-22,
        "0.07196856730011521": 2.117582368135751e-22,
        "0.2682695795279725": 5227.62349597359,
        "0.517947467923121": 138194541.57661456,
        "1.9306977288832496": 3189126.6627113977,
        "3.727593720314938": 43171160.30399651,
        "13.894954943731374": 37581614.56223415,
        "26.826957952797247": 42669080.64729195,
        "100.0": 43302493.53817736
    },
    "AUC_Mean_vs_Alpha_Conditional": {
        "0.0": 50811.50552948701,
        "0.13333333333333333": 45882.78755916772,
        "0.2": 45140.82534223228,
        "0.3333333333333333": 45673.87681178692,
        "0.4": 44387.27475008455,
        "0.4666666666666667": 41429.34146349687,
        "0.6": 39975.517182502124,
        "0.7333333333333333": 39945.30550917982,
        "0.8": 40241.642494026484,
        "0.8666666666666667": 41165.028641611665
    },
    "AUC_Variance_vs_Alpha_Conditional": {
        "0.0": 747298214.5487878,
        "0.13333333333333333": 841805321.6252358,
        "0.2": 878515127.3223889,
        "0.3333333333333333": 852399036.5120289,
        "0.4": 914378395.1865685,
        "0.4666666666666667": 1080218584.1565647,
        "0.6": 1167954010.9430397,
        "0.7333333333333333": 1166898208.357906,
        "0.8": 1142565603.8184361,
        "0.8666666666666667": 1088254066.461913
    }
}