{
    "Optimal_Min_Regret": {
        "k": 12.915496650148826,
        "alpha": 0.4,
        "value": 6.886488340192284
    },
    "Optimal_Min_AUC": {
        "k": 35.93813663804626,
        "alpha": 0.6000000000000001,
        "value": 4651.836390383956
    },
    "Regret_Variance_Alpha_Marginalized": 1054.8458362992792,
    "Regret_Variance_K_Marginalized": 4158426.2300604195,
    "AUC_Variance_Alpha_Marginalized": 75019306.76843733,
    "AUC_Variance_K_Marginalized": 6297517431.244431,
    "Regret_Mean_vs_K_Conditional": {
        "0.01": 6981.445837416062,
        "0.019306977288832496": 348.17432913237354,
        "0.07196856730011521": 376.8328796582076,
        "0.2682695795279725": 348.17432913237354,
        "0.517947467923121": 152.05056209276404,
        "1.9306977288832496": 128.66332465277767,
        "3.727593720314938": 79.95063871742116,
        "13.894954943731374": 70.38524698502528,
        "26.826957952797247": 114.23140324931407,
        "100.0": 130.4144570544696
    },
    "Regret_Variance_vs_K_Conditional": {
        "0.01": 8.271806125530277e-25,
        "0.019306977288832496": 3.2311742677852644e-27,
        "0.07196856730011521": 3.2311742677852644e-27,
        "0.2682695795279725": 3.2311742677852644e-27,
        "0.517947467923121": 11277.050221510684,
        "1.9306977288832496": 4510.153882612113,
        "3.727593720314938": 6484.053041211528,
        "13.894954943731374": 3353.2590427490445,
        "26.826957952797247": 6790.071258457623,
        "100.0": 6250.295498204994
    },
    "Regret_Mean_vs_Alpha_Conditional": {
        "0.0": 918.6813569683438,
        "0.13333333333333333": 938.6516221360962,
        "0.2": 900.017014404329,
        "0.3333333333333333": 871.2858665705386,
        "0.4": 862.8012013256254,
        "0.4666666666666667": 854.8434458029344,
        "0.6": 848.652810443424,
        "0.7333333333333333": 851.1872274173035,
        "0.8": 843.9671337173152,
        "0.8666666666666667": 840.235329304878
    },
    "Regret_Variance_vs_Alpha_Conditional": {
        "0.0": 4094785.490444392,
        "0.13333333333333333": 4063785.9715404124,
        "0.2": 4119577.5860926593,
        "0.3333333333333333": 4163067.3585303426,
        "0.4": 4176463.9400527054,
        "0.4666666666666667": 4186779.938682033,
        "0.6": 4196506.710546091,
        "0.7333333333333333": 4194228.484085405,
        "0.8": 4205735.352097584,
        "0.8666666666666667": 4211447.893114314
    },
    "AUC_Mean_vs_K_Conditional": {
        "0.01": 206506.93200082827,
        "0.019306977288832496": 196070.36978823898,
        "0.07196856730011521": 194849.91176019382,
        "0.2682695795279725": 182655.2204582009,
        "0.517947467923121": 49060.05821060608,
        "1.9306977288832496": 43707.69650688647,
        "3.727593720314938": 27349.532104934286,
        "13.894954943731374": 25991.67939540119,
        "26.826957952797247": 27142.80198005917,
        "100.0": 30926.719965847442
    },
    "AUC_Variance_vs_K_Conditional": {
        "0.01": 8.470329472543003e-22,
        "0.019306977288832496": 0.0,
        "0.07196856730011521": 0.0,
        "0.2682695795279725": 0.0,
        "0.517947467923121": 1570772974.4965158,
        "1.9306977288832496": 28082913.729644626,
        "3.727593720314938": 256592546.0555667,
        "13.894954943731374": 215537270.20958656,
        "26.826957952797247": 238500841.10081172,
        "100.0": 281572330.7413783
    },
    "AUC_Mean_vs_Alpha_Conditional": {
        "0.0": 118215.9178932812,
        "0.13333333333333333": 103236.31131276429,
        "0.2": 101725.61012358454,
        "0.3333333333333333": 103929.34084630871,
        "0.4": 101910.60316948591,
        "0.4666666666666667": 92303.51315858333,
        "0.6": 88587.43471807,
        "0.7333333333333333": 90355.68021491054,
        "0.8": 91836.3905490916,
        "0.8666666666666667": 92160.12018511652
    },
    "AUC_Variance_vs_Alpha_Conditional": {
        "0.0": 5199366883.00614,
        "0.13333333333333333": 5665222455.071526,
        "0.2": 5847633401.064444,
        "0.3333333333333333": 5579466146.120605,
        "0.4": 5833876171.357553,
        "0.4666666666666667": 7184913559.326319,
        "0.6": 7742150699.085243,
        "0.7333333333333333": 7461623302.937605,
        "0.8": 7173861460.461618,
        "0.8666666666666667": 7127926042.662382
    }
}