{
    "cei": {
        "mean_raw": [
            -70.75027058889458,
            -70.75027058889458,
            -70.75027058889458,
            -70.75027058889458,
            -70.75027058889458,
            -70.75027058889458,
            -14.405597822356272,
            -14.405597822356272,
            -14.405597822356272,
            -14.405597822356272,
            -14.405597822356272,
            -14.405597822356272,
            -14.405597822356272,
            -14.405597822356272,
            -14.405597822356272,
            -14.405597822356272,
            -14.405597822356272,
            -14.405597822356272,
            -14.405597822356272,
            -14.405597822356272,
            -14.405597822356272,
            -14.405597822356272,
            -14.405597822356272,
            -14.405597822356272,
            -14.313379690581804,
            -14.313379690581804,
            -14.313379690581804,
            -14.313379690581804,
            -14.313379690581804,
            -14.313379690581804,
            -14.313379690581804,
            -14.313379690581804,
            -2.880877708958442,
            -2.880877708958442,
            -2.880877708958442,
            -2.880877708958442,
            -2.880877708958442,
            -2.880877708958442,
            -2.880877708958442,
            -2.880877708958442
        ],
        "std_raw": [
            0.0,
            0.0,
            0.0,
            0.0,
            0.0,
            0.0,
            0.0,
            0.0,
            0.0,
            0.0,
            0.0,
            0.0,
            0.0,
            0.0,
            0.0,
            0.0,
            0.0,
            0.0,
            0.0,
            0.0,
            0.0,
            0.0,
            0.0,
            0.0,
            0.0,
            0.0,
            0.0,
            0.0,
            0.0,
            0.0,
            0.0,
            0.0,
            0.0,
            0.0,
            0.0,
            0.0,
            0.0,
            0.0,
            0.0,
            0.0
        ],
        "mean_regret": [
            70.94180857709914,
            70.94180857709914,
            70.94180857709914,
            70.94180857709914,
            70.94180857709914,
            70.94180857709914,
            14.597135810560832,
            14.597135810560832,
            14.597135810560832,
            14.597135810560832,
            14.597135810560832,
            14.597135810560832,
            14.597135810560832,
            14.597135810560832,
            14.597135810560832,
            14.597135810560832,
            14.597135810560832,
            14.597135810560832,
            14.597135810560832,
            14.597135810560832,
            14.597135810560832,
            14.597135810560832,
            14.597135810560832,
            14.597135810560832,
            14.504917678786365,
            14.504917678786365,
            14.504917678786365,
            14.504917678786365,
            14.504917678786365,
            14.504917678786365,
            14.504917678786365,
            14.504917678786365,
            3.0724156971630032,
            3.0724156971630032,
            3.0724156971630032,
            3.0724156971630032,
            3.0724156971630032,
            3.0724156971630032,
            3.0724156971630032,
            3.0724156971630032
        ],
        "std_regret": [
            0.0,
            0.0,
            0.0,
            0.0,
            0.0,
            0.0,
            0.0,
            0.0,
            0.0,
            0.0,
            0.0,
            0.0,
            0.0,
            0.0,
            0.0,
            0.0,
            0.0,
            0.0,
            0.0,
            0.0,
            0.0,
            0.0,
            0.0,
            0.0,
            0.0,
            0.0,
            0.0,
            0.0,
            0.0,
            0.0,
            0.0,
            0.0,
            0.0,
            0.0,
            0.0,
            0.0,
            0.0,
            0.0,
            0.0,
            0.0
        ],
        "pos_std_regret": [
            0.0,
            0.0,
            0.0,
            0.0,
            0.0,
            0.0,
            0.0,
            0.0,
            0.0,
            0.0,
            0.0,
            0.0,
            0.0,
            0.0,
            0.0,
            0.0,
            0.0,
            0.0,
            0.0,
            0.0,
            0.0,
            0.0,
            0.0,
            0.0,
            0.0,
            0.0,
            0.0,
            0.0,
            0.0,
            0.0,
            0.0,
            0.0,
            0.0,
            0.0,
            0.0,
            0.0,
            0.0,
            0.0,
            0.0,
            0.0
        ],
        "neg_std_regret": [
            0.0,
            0.0,
            0.0,
            0.0,
            0.0,
            0.0,
            0.0,
            0.0,
            0.0,
            0.0,
            0.0,
            0.0,
            0.0,
            0.0,
            0.0,
            0.0,
            0.0,
            0.0,
            0.0,
            0.0,
            0.0,
            0.0,
            0.0,
            0.0,
            0.0,
            0.0,
            0.0,
            0.0,
            0.0,
            0.0,
            0.0,
            0.0,
            0.0,
            0.0,
            0.0,
            0.0,
            0.0,
            0.0,
            0.0,
            0.0
        ],
        "params": {}
    },
    "scei": {
        "mean_raw": [
            -70.75026851729667,
            -70.75026851729667,
            -59.82644493791696,
            -59.82644493791696,
            -11.103009341917224,
            -11.103009341917224,
            -11.103009341917224,
            -11.103009341917224,
            -11.103009341917224,
            -11.103009341917224,
            -11.103009341917224,
            -11.103009341917224,
            -11.103009341917224,
            -11.103009341917224,
            -11.103009341917224,
            -11.103009341917224,
            -11.103009341917224,
            -11.103009341917224,
            -11.103009341917224,
            -11.103009341917224,
            -11.103009341917224,
            -11.103009341917224,
            -11.103009341917224,
            -11.103009341917224,
            -11.103009341917224,
            -11.103009341917224,
            -11.103009341917224,
            -11.103009341917224,
            -8.276215517406722,
            -8.276215517406722,
            -8.276215517406722,
            -8.276215517406722,
            -8.276215517406722,
            -8.276215517406722,
            -8.276215517406722,
            -8.276215517406722,
            -8.276215517406722,
            -8.276215517406722,
            -8.276215517406722,
            -8.276215517406722
        ],
        "std_raw": [
            0.0,
            0.0,
            0.0,
            0.0,
            0.0,
            0.0,
            0.0,
            0.0,
            0.0,
            0.0,
            0.0,
            0.0,
            0.0,
            0.0,
            0.0,
            0.0,
            0.0,
            0.0,
            0.0,
            0.0,
            0.0,
            0.0,
            0.0,
            0.0,
            0.0,
            0.0,
            0.0,
            0.0,
            0.0,
            0.0,
            0.0,
            0.0,
            0.0,
            0.0,
            0.0,
            0.0,
            0.0,
            0.0,
            0.0,
            0.0
        ],