{
    "cei": {
        "mean_raw": [
            -10.185698929196395,
            -10.185698929196395,
            -10.185698929196395,
            -10.185698929196395,
            -10.185698929196395,
            -10.185698929196395,
            -4.872318747582764,
            -4.872318747582764,
            -4.872318747582764,
            -4.872318747582764,
            -4.872318747582764,
            -4.872318747582764,
            -4.872318747582764,
            -4.872318747582764,
            -4.872318747582764,
            -4.872318747582764,
            -4.872318747582764,
            -4.872318747582764,
            -4.872318747582764,
            -4.872318747582764,
            -4.872318747582764,
            -4.872318747582764,
            -4.872318747582764,
            -4.872318747582764,
            -4.872318747582764,
            -4.872318747582764,
            -4.872318747582764,
            -4.872318747582764,
            -1.0479442224770181,
            -1.0479442224770181,
            -1.0479442224770181,
            -1.0479442224770181,
            -1.0479442224770181,
            -1.0479442224770181,
            -1.0479442224770181,
            -1.0479442224770181,
            -1.0479442224770181,
            -1.0479442224770181,
            -1.0479442224770181,
            -1.0479442224770181
        ],
        "std_raw": [
            0.0,
            0.0,
            0.0,
            0.0,
            0.0,
            0.0,
            0.0,
            0.0,
            0.0,
            0.0,
            0.0,
            0.0,
            0.0,
            0.0,
            0.0,
            0.0,
            0.0,
            0.0,
            0.0,
            0.0,
            0.0,
            0.0,
            0.0,
            0.0,
            0.0,
            0.0,
            0.0,
            0.0,
            0.0,
            0.0,
            0.0,
            0.0,
            0.0,
            0.0,
            0.0,
            0.0,
            0.0,
            0.0,
            0.0,
            0.0
        ],
        "mean_regret": [
            10.185698935073244,
            10.185698935073244,
            10.185698935073244,
            10.185698935073244,
            10.185698935073244,
            10.185698935073244,
            4.872318753459612,
            4.872318753459612,
            4.872318753459612,
            4.872318753459612,
            4.872318753459612,
            4.872318753459612,
            4.872318753459612,
            4.872318753459612,
            4.872318753459612,
            4.872318753459612,
            4.872318753459612,
            4.872318753459612,
            4.872318753459612,
            4.872318753459612,
            4.872318753459612,
            4.872318753459612,
            4.872318753459612,
            4.872318753459612,
            4.872318753459612,
            4.872318753459612,
            4.872318753459612,
            4.872318753459612,
            1.047944228353867,
            1.047944228353867,
            1.047944228353867,
            1.047944228353867,
            1.047944228353867,
            1.047944228353867,
            1.047944228353867,
            1.047944228353867,
            1.047944228353867,
            1.047944228353867,
            1.047944228353867,
            1.047944228353867
        ],
        "std_regret": [
            0.0,
            0.0,
            0.0,
            0.0,
            0.0,
            0.0,
            0.0,
            0.0,
            0.0,
            0.0,
            0.0,
            0.0,
            0.0,
            0.0,
            0.0,
            0.0,
            0.0,
            0.0,
            0.0,
            0.0,
            0.0,
            0.0,
            0.0,
            0.0,
            0.0,
            0.0,
            0.0,
            0.0,
            0.0,
            0.0,
            0.0,
            0.0,
            0.0,
            0.0,
            0.0,
            0.0,
            0.0,
            0.0,
            0.0,
            0.0
        ],
        "pos_std_regret": [
            0.0,
            0.0,
            0.0,
            0.0,
            0.0,
            0.0,
            0.0,
            0.0,
            0.0,
            0.0,
            0.0,
            0.0,
            0.0,
            0.0,
            0.0,
            0.0,
            0.0,
            0.0,
            0.0,
            0.0,
            0.0,
            0.0,
            0.0,
            0.0,
            0.0,
            0.0,
            0.0,
            0.0,
            0.0,
            0.0,
            0.0,
            0.0,
            0.0,
            0.0,
            0.0,
            0.0,
            0.0,
            0.0,
            0.0,
            0.0
        ],
        "neg_std_regret": [
            0.0,
            0.0,
            0.0,
            0.0,
            0.0,
            0.0,
            0.0,
            0.0,
            0.0,
            0.0,
            0.0,
            0.0,
            0.0,
            0.0,
            0.0,
            0.0,
            0.0,
            0.0,
            0.0,
            0.0,
            0.0,
            0.0,
            0.0,
            0.0,
            0.0,
            0.0,
            0.0,
            0.0,
            0.0,
            0.0,
            0.0,
            0.0,
            0.0,
            0.0,
            0.0,
            0.0,
            0.0,
            0.0,
            0.0,
            0.0
        ],
        "params": {}
    },
    "scei": {
        "mean_raw": [
            -10.185698929196395,
            -10.185698929196395,
            -2.908823191486341,
            -2.908823191486341,
            -2.908823191486341,
            -2.908823191486341,
            -2.908823191486341,
            -2.908823191486341,
            -2.908823191486341,
            -2.908823191486341,
            -2.908823191486341,
            -2.908823191486341,
            -2.462169605746568,
            -2.462169605746568,
            -2.462169605746568,
            -2.462169605746568,
            -2.462169605746568,
            -2.462169605746568,
            -2.462169605746568,
            -2.462169605746568,
            -0.6443704313232012,
            -0.6443704313232012,
            -0.6443704313232012,
            -0.6443704313232012,
            -0.6443704313232012,
            -0.6443704313232012,
            -0.6443704313232012,
            -0.6443704313232012,
            -0.6443704313232012,
            -0.6443704313232012,
            -0.6443704313232012,
            -0.6443704313232012,
            -0.6443704313232012,
            -0.6443704313232012,
            -0.6443704313232012,
            -0.6443704313232012,
            -0.6443704313232012,
            -0.6443704313232012,
            -0.6443704313232012,
            -0.6443704313232012
        ],
        "std_raw": [
            0.0,
            0.0,
            0.0,
            0.0,
            0.0,
            0.0,
            0.0,
            0.0,
            0.0,
            0.0,
            0.0,
            0.0,
            0.0,
            0.0,
            0.0,
            0.0,
            0.0,
            0.0,
            0.0,
            0.0,
            0.0,
            0.0,
            0.0,
            0.0,
            0.0,
            0.0,
            0.0,
            0.0,
            0.0,
            0.0,
            0.0,
            0.0,
            0.0,
            0.0,
            0.0,
            0.0,
            0.0,
            0.0,
            0.0,
            0.0
        ],