{
    "cei": {
        "mean_raw": [
            -34.450862138320005,
            -34.450862138320005,
            -34.450862138320005,
            -34.450862138320005,
            -9.610108612633676,
            -9.610108612633676,
            -6.745417034369903,
            -6.745417034369903,
            -3.2023252015008965,
            -3.2023252015008965,
            -2.8703888348786846,
            -2.8703888348786846,
            -2.8703888348786846,
            -2.8703888348786846,
            -2.4501118352719082,
            -2.4501118352719082,
            -1.6424135673118048,
            -1.6424135673118048,
            -1.2481941797132996,
            -1.2481941797132996,
            -0.04627652415469086,
            -0.04627652415469086,
            -0.04627652415469086,
            -0.04627652415469086,
            -0.04627652415469086,
            -0.04627652415469086,
            -0.04627652415469086,
            -0.04627652415469086,
            -0.04627652415469086,
            -0.04627652415469086
        ],
        "std_raw": [
            25.623106839619865,
            25.623106839619865,
            25.623106839619865,
            25.623106839619865,
            8.79345685981347,
            8.79345685981347,
            7.897483790273909,
            7.897483790273909,
            3.1053725893395314,
            3.1053725893395314,
            2.711754772438795,
            2.711754772438795,
            2.711754772438795,
            2.711754772438795,
            2.944084968960817,
            2.944084968960817,
            2.3350420597864785,
            2.3350420597864785,
            2.4038353111172173,
            2.4038353111172173,
            0.0,
            0.0,
            0.0,
            0.0,
            0.0,
            0.0,
            0.0,
            0.0,
            0.0,
            0.0
        ],
        "mean_regret": [
            34.45103805727117,
            34.45103805727117,
            34.45103805727117,
            34.45103805727117,
            9.610284531584837,
            9.610284531584837,
            6.745592953321065,
            6.745592953321065,
            3.2025011204520584,
            3.2025011204520584,
            2.8705647538298464,
            2.8705647538298464,
            2.8705647538298464,
            2.8705647538298464,
            2.45028775422307,
            2.45028775422307,
            1.6425894862629664,
            1.6425894862629664,
            1.2483700986644615,
            1.2483700986644615,
            0.046452443105852614,
            0.046452443105852614,
            0.046452443105852614,
            0.046452443105852614,
            0.046452443105852614,
            0.046452443105852614,
            0.046452443105852614,
            0.046452443105852614,
            0.046452443105852614,
            0.046452443105852614
        ],
        "std_regret": [
            25.623106839619865,
            25.623106839619865,
            25.623106839619865,
            25.623106839619865,
            8.79345685981347,
            8.79345685981347,
            7.897483790273909,
            7.897483790273909,
            3.1053725893395314,
            3.1053725893395314,
            2.711754772438795,
            2.711754772438795,
            2.711754772438795,
            2.711754772438795,
            2.944084968960817,
            2.944084968960817,
            2.3350420597864785,
            2.3350420597864785,
            2.4038353111172173,
            2.4038353111172173,
            0.0,
            0.0,
            0.0,
            0.0,
            0.0,
            0.0,
            0.0,
            0.0,
            0.0,
            0.0
        ],
        "pos_std_regret": [
            8.923291173654015,
            8.923291173654015,
            8.923291173654015,
            8.923291173654015,
            3.516737985354571,
            3.516737985354571,
            2.5412753318716135,
            2.5412753318716135,
            1.4268684843104478,
            1.4268684843104478,
            1.2927296504880132,
            1.2927296504880132,
            1.2927296504880132,
            1.2927296504880132,
            1.1776339875843267,
            1.1776339875843267,
            0.7819442630579243,
            0.7819442630579243,
            0.48076706222344345,
            0.48076706222344345,
            0.0,
            0.0,
            0.0,
            0.0,
            0.0,
            0.0,
            0.0,
            0.0,
            0.0,
            0.0
        ],
        "neg_std_regret": [
            19.508370190567227,
            19.508370190567227,
            19.508370190567227,
            19.508370190567227,
            5.340538875855324,
            5.340538875855324,
            6.105307521889457,
            6.105307521889457,
            1.8071667871373884,
            1.8071667871373884,
            1.5605581414435927,
            1.5605581414435927,
            1.5605581414435927,
            1.5605581414435927,
            1.7664509813764904,
            1.7664509813764904,
            1.733976383592083,
            1.733976383592083,
            1.9230682488937738,
            1.9230682488937738,
            0.0,
            0.0,
            0.0,
            0.0,
            0.0,
            0.0,
            0.0,
            0.0,
            0.0,
            0.0
        ]
    },
    "scei": {
        "mean_raw": [
            -34.69895609813358,
            -34.69895609813358,
            -26.213411554223313,
            -26.213411554223313,
            -7.72667673351572,
            -7.72667673351572,
            -4.459256718797037,
            -4.459256718797037,
            -3.3085428856004584,
            -3.3085428856004584,
            -2.8703888348786846,
            -2.8703888348786846,
            -2.210925764492334,
            -2.210925764492334,
            -0.4665535237614673,
            -0.4665535237614673,
            -0.44049591175319625,
            -0.44049591175319625,
            -0.43648851054007254,
            -0.43648851054007254,
            -0.04627652415469086,
            -0.04627652415469086,
            -0.04627652415469086,
            -0.04627652415469086,
            -0.04627652415469086,
            -0.04627652415469086,
            -0.04627652415469086,
            -0.04627652415469086,
            -0.04627652415469086,
            -0.04627652415469086
        ],
        "std_raw": [
            25.49443432116267,
            25.49443432116267,
            28.999038422763277,
            28.999038422763277,
            7.370051187311783,
            7.370051187311783,
            3.4275612093663486,
            3.4275612093663486,
            2.9246897983107267,
            2.9246897983107267,
            2.7117547724387947,
            2.7117547724387947,
            2.2117351981843534,
            2.2117351981843534,
            0.8405539992135527,
            0.8405539992135527,
            0.7884387751970106,
            0.7884387751970106,
            0.7804239727707633,
            0.7804239727707633,
            0.0,
            0.0,
            0.0,
            0.0,
            0.0,
            0.0,
            0.0,
            0.0,
            0.0,
            0.0
        ],